kl_weight,train_loss_step,train_loss_epoch,elbo_train,reconstruction_loss_train,kl_local_train,kl_global_train
"      kl_weight
epoch          
0           0.0
1        0.0025
2         0.005
3        0.0075
4          0.01
...         ...
95       0.2375
96         0.24
97       0.2425
98        0.245
99       0.2475

[100 rows x 1 columns]","      train_loss_step
epoch                
0          558.047974
1          537.521484
2          530.740356
3          525.927124
4           516.74585
...               ...
95         497.004028
96         499.790466
97         496.601013
98         501.515289
99         497.507355

[100 rows x 1 columns]","      train_loss_epoch
epoch                 
0           572.477234
1           540.981934
2           532.569214
3           527.219543
4           523.172668
...                ...
95            497.6091
96          497.612152
97          497.644348
98          497.656128
99          497.680725

[100 rows x 1 columns]","       elbo_train
epoch            
0      598.392517
1      580.423218
2      574.438416
3      566.925659
4      559.791992
...           ...
95      510.73877
96     510.637268
97     510.588623
98     510.521362
99     510.451874

[100 rows x 1 columns]","      reconstruction_loss_train
epoch                          
0                    572.477234
1                    540.882874
2                    532.358826
3                    526.919617
4                    522.802795
...                         ...
95                   493.519531
96                    493.49884
97                   493.500488
98                   493.481415
99                   493.480194

[100 rows x 1 columns]","      kl_local_train
epoch               
0          25.915277
1          39.540375
2          42.079586
3           40.00605
4           36.98922
...              ...
95          17.21925
96          17.13843
97         17.088123
98          17.03994
99         16.971691

[100 rows x 1 columns]","      kl_global_train
epoch                
0                 0.0
1                 0.0
2                 0.0
3                 0.0
4                 0.0
...               ...
95                0.0
96                0.0
97                0.0
98                0.0
99                0.0

[100 rows x 1 columns]"
